,L,0.2,0.4,0.7,1.0,1.2,1.4,1.7,2.0,2.2,2.4,2.7,3.0,3.2,3.4,3.7,4.0,4.2,4.4,4.7,5.0,5.2,5.4,5.7,6.0,6.2,6.4,6.7,7.0,35.8,64.6,79.72,85.012,90.304,98.242,110.15,116.4,122.65,132.03,136.95,141.87,146.8,148.27,149.74,150.37,151.0
0,0.,-1.9729e-005,-3.9464e-005,-6.9078e-005,-9.8706e-005,-9.8937e-005,-9.9167e-005,-9.9511e-005,-9.9854e-005,-1.0005e-004,-1.0025e-004,-1.0055e-004,-1.0085e-004,-1.0105e-004,-1.0125e-004,-1.0154e-004,-1.0184e-004,-1.0222e-004,-1.026e-004,-1.0317e-004,-1.0373e-004,-1.0402e-004,-1.0431e-004,-1.0474e-004,-1.0516e-004,-1.0537e-004,-1.0558e-004,-1.059e-004,-1.062e-004,-1.0755e-004,-1.0862e-004,-1.09e-004,-1.0909e-004,-1.0917e-004,-1.0925e-004,-1.0932e-004,-1.0933e-004,-1.0933e-004,-1.0929e-004,-1.0926e-004,-1.0916e-004,-1.0831e-004,-1.0782e-004,-1.0701e-004,-1.0686e-004,-1.0649e-004
1,15.625,-1.8243e-005,-3.649e-005,-6.3871e-005,-9.1262e-005,-9.086e-005,-9.0458e-005,-8.9853e-005,-8.9247e-005,-8.889e-005,-8.8533e-005,-8.7995e-005,-8.7457e-005,-8.7096e-005,-8.6735e-005,-8.6193e-005,-8.565e-005,-8.4938e-005,-8.4224e-005,-8.315e-005,-8.207e-005,-8.1493e-005,-8.0913e-005,-8.0038e-005,-7.9155e-005,-7.8692e-005,-7.8227e-005,-7.7525e-005,-7.6817e-005,-7.329e-005,-6.953e-005,-6.7419e-005,-6.6652e-005,-6.5871e-005,-6.468e-005,-6.2861e-005,-6.1893e-005,-6.0919e-005,-5.945e-005,-5.8677e-005,-5.7862e-005,-5.6481e-005,-5.5887e-005,-5.5059e-005,-5.4853e-005,-5.4479e-005
2,31.25,-1.6326e-005,-3.2656e-005,-5.7159e-005,-8.1672e-005,-8.0753e-005,-7.9833e-005,-7.8453e-005,-7.7073e-005,-7.626e-005,-7.5447e-005,-7.4227e-005,-7.3006e-005,-7.219e-005,-7.1374e-005,-7.0149e-005,-6.8923e-005,-6.7321e-005,-6.5716e-005,-6.3308e-005,-6.0895e-005,-5.9612e-005,-5.8326e-005,-5.6394e-005,-5.4456e-005,-5.3445e-005,-5.2431e-005,-5.0908e-005,-4.9381e-005,-4.1914e-005,-3.4272e-005,-3.0167e-005,-2.8714e-005,-2.7253e-005,-2.5056e-005,-2.176e-005,-2.0036e-005,-1.832e-005,-1.577e-005,-1.4449e-005,-1.3109e-005,-1.14e-005,-1.0772e-005,-9.9891e-006,-9.7559e-006,-9.4099e-006
3,46.875,-1.5644e-005,-3.1292e-005,-5.4773e-005,-7.8264e-005,-7.7114e-005,-7.5964e-005,-7.4238e-005,-7.2511e-005,-7.1495e-005,-7.0478e-005,-6.8953e-005,-6.7427e-005,-6.6408e-005,-6.5388e-005,-6.3857e-005,-6.2327e-005,-6.0325e-005,-5.8322e-005,-5.5317e-005,-5.2307e-005,-5.0707e-005,-4.9105e-005,-4.6698e-005,-4.4287e-005,-4.3029e-005,-4.1769e-005,-3.9876e-005,-3.7979e-005,-2.8731e-005,-1.9324e-005,-1.431e-005,-1.2545e-005,-1.0776e-005,-8.125e-006,-4.1722e-006,-2.1162e-006,-8.0042e-008,2.929e-006,4.4778e-006,6.0311e-006,7.8895e-006,8.5396e-006,9.3185e-006,9.5643e-006,9.9051e-006
4,62.5,-1.4859e-005,-2.9722e-005,-5.2025e-005,-7.4339e-005,-7.2813e-005,-7.1286e-005,-6.8995e-005,-6.6704e-005,-6.5355e-005,-6.4007e-005,-6.1983e-005,-5.9959e-005,-5.8607e-005,-5.7254e-005,-5.5225e-005,-5.3195e-005,-5.0542e-005,-4.7887e-005,-4.3903e-005,-3.9916e-005,-3.7797e-005,-3.5676e-005,-3.249e-005,-2.93e-005,-2.7637e-005,-2.5971e-005,-2.3469e-005,-2.0964e-005,-8.7634e-006,3.5788e-006,1.0093e-005,1.237e-005,1.464e-005,1.802e-005,2.3003e-005,2.5562e-005,2.807e-005,3.1723e-005,3.3572e-005,3.5394e-005,3.7443e-005,3.8123e-005,3.8901e-005,3.9159e-005,3.9493e-005
5,78.125,-1.4629e-005,-2.9263e-005,-5.1224e-005,-7.3196e-005,-7.1469e-005,-6.9741e-005,-6.715e-005,-6.4558e-005,-6.3033e-005,-6.1508e-005,-5.9219e-005,-5.693e-005,-5.5401e-005,-5.3871e-005,-5.1576e-005,-4.9281e-005,-4.6281e-005,-4.328e-005,-3.8776e-005,-3.4269e-005,-3.1874e-005,-2.9477e-005,-2.5878e-005,-2.2274e-005,-2.0394e-005,-1.8513e-005,-1.5688e-005,-1.2858e-005,9.1025e-007,1.4796e-005,2.2078e-005,2.461e-005,2.7125e-005,3.0852e-005,3.6298e-005,3.9066e-005,4.1758e-005,4.5631e-005,4.7565e-005,4.9448e-005,5.1491e-005,5.2146e-005,5.2874e-005,5.3121e-005,5.3428e-005
6,93.75,-1.4396e-005,-2.8797e-005,-5.0408e-005,-7.2032e-005,-6.9921e-005,-6.781e-005,-6.4643e-005,-6.1475e-005,-5.9611e-005,-5.7747e-005,-5.495e-005,-5.2153e-005,-5.0284e-005,-4.8415e-005,-4.5611e-005,-4.2807e-005,-3.9141e-005,-3.5474e-005,-2.9973e-005,-2.4468e-005,-2.1542e-005,-1.8615e-005,-1.422e-005,-9.8199e-006,-7.5252e-006,-5.2285e-006,-1.7796e-006,1.6744e-006,1.8467e-005,3.528e-005,4.395e-005,4.6922e-005,4.9847e-005,5.4124e-005,6.0222e-005,6.3235e-005,6.6099e-005,7.0081e-005,7.1993e-005,7.3784e-005,7.5591e-005,7.6126e-005,7.6679e-005,7.6873e-005,7.709e-005
7,109.37,-1.4336e-005,-2.8678e-005,-5.0202e-005,-7.1739e-005,-6.942e-005,-6.7102e-005,-6.3623e-005,-6.0144e-005,-5.8097e-005,-5.605e-005,-5.2979e-005,-4.9907e-005,-4.7855e-005,-4.5802e-005,-4.2723e-005,-3.9644e-005,-3.5619e-005,-3.1593e-005,-2.5553e-005,-1.9509e-005,-1.6297e-005,-1.3084e-005,-8.2598e-006,-3.4302e-006,-9.1155e-007,1.6092e-006,5.3946e-006,9.1855e-006,2.7601e-005,4.5923e-005,5.5241e-005,5.84e-005,6.1487e-005,6.5949e-005,7.2188e-005,7.5202e-005,7.8013e-005,8.181e-005,8.3576e-005,8.5172e-005,8.6681e-005,8.7094e-005,8.7484e-005,8.7627e-005,8.7764e-005
8,125.,-1.4286e-005,-2.8578e-005,-5.0028e-005,-7.1492e-005,-6.8774e-005,-6.6057e-005,-6.198e-005,-5.7903e-005,-5.5504e-005,-5.3105e-005,-4.9506e-005,-4.5906e-005,-4.3501e-005,-4.1096e-005,-3.7488e-005,-3.388e-005,-2.9164e-005,-2.4446e-005,-1.7369e-005,-1.0288e-005,-6.5249e-006,-2.7603e-006,2.8913e-006,8.5496e-006,1.1501e-005,1.4454e-005,1.889e-005,2.3331e-005,4.4855e-005,6.5876e-005,7.6154e-005,7.9526e-005,8.2754e-005,8.7272e-005,9.3244e-005,9.5941e-005,9.8329e-005,1.0127e-004,1.0252e-004,1.0352e-004,1.0428e-004,1.0442e-004,1.0448e-004,1.0451e-004,1.0448e-004
9,140.63,-1.4274e-005,-2.8556e-005,-4.999e-005,-7.144e-005,-6.8315e-005,-6.5191e-005,-6.0503e-005,-5.5815e-005,-5.3056e-005,-5.0298e-005,-4.616e-005,-4.2021e-005,-3.9256e-005,-3.6491e-005,-3.2342e-005,-2.8194e-005,-2.2771e-005,-1.7347e-005,-9.2105e-006,-1.0695e-006,3.2561e-006,7.5841e-006,1.4082e-005,2.0588e-005,2.3981e-005,2.7378e-005,3.2478e-005,3.7583e-005,6.2194e-005,8.5421e-005,9.6015e-005,9.9294e-005,1.0233e-004,1.0633e-004,1.1114e-004,1.1309e-004,1.1467e-004,1.1639e-004,1.1725e-004,1.177e-004,1.1759e-004,1.1752e-004,1.1737e-004,1.1733e-004,1.1718e-004
10,156.25,-1.4275e-005,-2.8556e-005,-4.9992e-005,-7.1444e-005,-6.8101e-005,-6.4758e-005,-5.9742e-005,-5.4727e-005,-5.1775e-005,-4.8824e-005,-4.4397e-005,-3.9969e-005,-3.7011e-005,-3.4052e-005,-2.9615e-005,-2.5176e-005,-1.9375e-005,-1.3574e-005,-4.8695e-006,3.8386e-006,8.4655e-006,1.3095e-005,2.0045e-005,2.7005e-005,3.0635e-005,3.4268e-005,3.9722e-005,4.518e-005,7.136e-005,9.5377e-005,1.0573e-004,1.0879e-004,1.1154e-004,1.1504e-004,1.1894e-004,1.204e-004,1.219e-004,1.2345e-004,1.2462e-004,1.2502e-004,1.2437e-004,1.2418e-004,1.2393e-004,1.2388e-004,1.2376e-004
11,171.88,-1.4279e-005,-2.8566e-005,-5.0011e-005,-7.1473e-005,-6.7715e-005,-6.3956e-005,-5.8317e-005,-5.2677e-005,-4.9359e-005,-4.6041e-005,-4.1063e-005,-3.6084e-005,-3.2758e-005,-2.9432e-005,-2.4443e-005,-1.9453e-005,-1.2931e-005,-6.4082e-006,3.3778e-006,1.3168e-005,1.837e-005,2.3576e-005,3.1391e-005,3.9218e-005,4.3301e-005,4.7385e-005,5.3514e-005,5.9638e-005,8.8554e-005,1.1298e-004,1.2193e-004,1.2427e-004,1.2637e-004,1.2877e-004,1.3188e-004,1.329e-004,1.35e-004,1.3904e-004,1.4286e-004,1.4668e-004,1.4886e-004,1.493e-004,1.4978e-004,1.4995e-004,1.5015e-004
12,187.5,-1.4282e-005,-2.8572e-005,-5.0022e-005,-7.149e-005,-6.751e-005,-6.3529e-005,-5.7558e-005,-5.1586e-005,-4.8072e-005,-4.4558e-005,-3.9287e-005,-3.4015e-005,-3.0494e-005,-2.6972e-005,-2.1689e-005,-1.6405e-005,-9.4995e-006,-2.5931e-006,7.7681e-006,1.8134e-005,2.3642e-005,2.9153e-005,3.7429e-005,4.5716e-005,5.0038e-005,5.4361e-005,6.0843e-005,6.7308e-005,9.7436e-005,1.2128e-004,1.2916e-004,1.3138e-004,1.3349e-004,1.3513e-004,1.3677e-004,1.379e-004,1.4043e-004,1.4391e-004,1.4497e-004,1.4587e-004,1.4671e-004,1.4699e-004,1.4728e-004,1.4743e-004,1.4757e-004
13,203.13,-1.4287e-005,-2.8583e-005,-5.0042e-005,-7.1521e-005,-6.712e-005,-6.272e-005,-5.6118e-005,-4.9517e-005,-4.5632e-005,-4.1748e-005,-3.5921e-005,-3.0093e-005,-2.62e-005,-2.2307e-005,-1.6466e-005,-1.0626e-005,-2.9917e-006,4.643e-006,1.6097e-005,2.7556e-005,3.3645e-005,3.9739e-005,4.8891e-005,5.8054e-005,6.2828e-005,6.7598e-005,7.4732e-005,8.1812e-005,1.135e-004,1.3471e-004,1.4082e-004,1.425e-004,1.4444e-004,1.4691e-004,1.5023e-004,1.5149e-004,1.5298e-004,1.559e-004,1.5758e-004,1.5928e-004,1.6123e-004,1.6183e-004,1.6243e-004,1.6266e-004,1.629e-004
14,218.75,-1.4289e-005,-2.8587e-005,-5.005e-005,-7.1533e-005,-6.6909e-005,-6.2286e-005,-5.535e-005,-4.8413e-005,-4.4333e-005,-4.0251e-005,-3.4129e-005,-2.8007e-005,-2.3917e-005,-1.9826e-005,-1.3691e-005,-7.5547e-006,4.6515e-007,8.4857e-006,2.0518e-005,3.2556e-005,3.8953e-005,4.5356e-005,5.497e-005,6.4593e-005,6.9601e-005,7.46e-005,8.2059e-005,8.9428e-005,1.2134e-004,1.4023e-004,1.4299e-004,1.4381e-004,1.4519e-004,1.4647e-004,1.4841e-004,1.499e-004,1.516e-004,1.5452e-004,1.5626e-004,1.5801e-004,1.599e-004,1.6046e-004,1.61e-004,1.6122e-004,1.6144e-004
15,234.38,-1.4292e-005,-2.8593e-005,-5.0063e-005,-7.1552e-005,-6.6508e-005,-6.1462e-005,-5.3894e-005,-4.6325e-005,-4.1872e-005,-3.7419e-005,-3.0739e-005,-2.4058e-005,-1.9595e-005,-1.5132e-005,-8.4372e-006,-1.7416e-006,7.0093e-006,1.5761e-005,2.889e-005,4.2027e-005,4.9009e-005,5.5998e-005,6.6489e-005,7.6971e-005,8.241e-005,8.7817e-005,9.5822e-005,1.0362e-004,1.3434e-004,1.4745e-004,1.5052e-004,1.5158e-004,1.5276e-004,1.5517e-004,1.5947e-004,1.6206e-004,1.6484e-004,1.6933e-004,1.7181e-004,1.7434e-004,1.7689e-004,1.7765e-004,1.7836e-004,1.7865e-004,1.7893e-004
16,250.,-1.4294e-005,-2.8598e-005,-5.0072e-005,-7.1567e-005,-6.61e-005,-6.0633e-005,-5.2432e-005,-4.423e-005,-3.9404e-005,-3.4578e-005,-2.7339e-005,-2.01e-005,-1.5263e-005,-1.0427e-005,-3.1716e-006,4.0841e-006,1.3567e-005,2.3051e-005,3.7279e-005,5.1516e-005,5.9085e-005,6.6659e-005,7.8018e-005,8.932e-005,9.5144e-005,1.0089e-004,1.0927e-004,1.1722e-004,1.4497e-004,1.5335e-004,1.5811e-004,1.6022e-004,1.6255e-004,1.6634e-004,1.7268e-004,1.7625e-004,1.7997e-004,1.8576e-004,1.8888e-004,1.9205e-004,1.9521e-004,1.9621e-004,1.9731e-004,1.9775e-004,1.9821e-004
17,265.63,-1.4294e-005,-2.8599e-005,-5.0074e-005,-7.1571e-005,-6.5881e-005,-6.019e-005,-5.1653e-005,-4.3116e-005,-3.8093e-005,-3.307e-005,-2.5535e-005,-1.8e-005,-1.2966e-005,-7.9322e-006,-3.8084e-007,7.1709e-006,1.7041e-005,2.6912e-005,4.1719e-005,5.6538e-005,6.4415e-005,7.2297e-005,8.4103e-005,9.5803e-005,1.0179e-004,1.0767e-004,1.1613e-004,1.2397e-004,1.4691e-004,1.5259e-004,1.5752e-004,1.5963e-004,1.6197e-004,1.6577e-004,1.7209e-004,1.7567e-004,1.7941e-004,1.8526e-004,1.8841e-004,1.9162e-004,1.9469e-004,1.9552e-004,1.9634e-004,1.9673e-004,1.9709e-004
18,281.25,-1.4296e-005,-2.8601e-005,-5.008e-005,-7.1581e-005,-6.5468e-005,-5.9354e-005,-5.0183e-005,-4.1012e-005,-3.5616e-005,-3.0219e-005,-2.2125e-005,-1.403e-005,-8.6218e-006,-3.2138e-006,4.8986e-006,1.3012e-005,2.3615e-005,3.4219e-005,5.0127e-005,6.605e-005,7.4512e-005,8.297e-005,9.5583e-005,1.0792e-004,1.1412e-004,1.2006e-004,1.2829e-004,1.3535e-004,1.511e-004,1.6102e-004,1.6846e-004,1.7144e-004,1.7461e-004,1.796e-004,1.876e-004,1.9206e-004,1.9664e-004,2.0363e-004,2.0737e-004,2.1108e-004,2.1472e-004,2.1585e-004,2.1673e-004,2.1712e-004,2.174e-004
19,296.88,-1.4295e-005,-2.8601e-005,-5.008e-005,-7.1583e-005,-6.5246e-005,-5.8908e-005,-4.9401e-005,-3.9893e-005,-3.43e-005,-2.8706e-005,-2.0315e-005,-1.1924e-005,-6.3179e-006,-7.1201e-007,7.6971e-006,1.6107e-005,2.7098e-005,3.8089e-005,5.4579e-005,7.1083e-005,7.9852e-005,8.8604e-005,1.016e-004,1.1418e-004,1.2039e-004,1.2623e-004,1.3402e-004,1.4033e-004,1.4989e-004,1.5995e-004,1.6732e-004,1.7023e-004,1.7326e-004,1.7812e-004,1.8617e-004,1.9069e-004,1.9534e-004,2.0248e-004,2.0631e-004,2.1025e-004,2.14e-004,2.149e-004,2.1546e-004,2.1578e-004,2.1591e-004
20,312.5,-1.4296e-005,-2.8604e-005,-5.0085e-005,-7.1591e-005,-6.4829e-005,-5.8067e-005,-4.7923e-005,-3.7778e-005,-3.181e-005,-2.5842e-005,-1.6888e-005,-7.9346e-006,-1.9533e-006,4.0281e-006,1.3001e-005,2.1974e-005,3.3701e-005,4.5429e-005,6.3024e-005,8.0634e-005,8.9972e-005,9.9253e-005,1.1285e-004,1.2553e-004,1.3145e-004,1.3665e-004,1.4312e-004,1.474e-004,1.5588e-004,1.7032e-004,1.8011e-004,1.8388e-004,1.8768e-004,1.9385e-004,2.0369e-004,2.0903e-004,2.1442e-004,2.2254e-004,2.2685e-004,2.3122e-004,2.3493e-004,2.3561e-004,2.3561e-004,2.3581e-004,2.3559e-004
21,328.13,-1.4296e-005,-2.8603e-005,-5.0085e-005,-7.1592e-005,-6.4605e-005,-5.7617e-005,-4.7135e-005,-3.6652e-005,-3.0485e-005,-2.4318e-005,-1.5066e-005,-5.8146e-006,3.6575e-007,6.5463e-006,1.5817e-005,2.5089e-005,3.7206e-005,4.9324e-005,6.7504e-005,8.5694e-005,9.5322e-005,1.0485e-004,1.1865e-004,1.311e-004,1.3661e-004,1.4109e-004,1.4562e-004,1.4756e-004,1.5503e-004,1.6933e-004,1.7914e-004,1.8287e-004,1.868e-004,1.9304e-004,2.0306e-004,2.0851e-004,2.1402e-004,2.2236e-004,2.2679e-004,2.3117e-004,2.3436e-004,2.3464e-004,2.3388e-004,2.339e-004,2.3324e-004
22,343.75,-1.4297e-005,-2.8605e-005,-5.009e-005,-7.16e-005,-6.4184e-005,-5.6767e-005,-4.5641e-005,-3.4515e-005,-2.7969e-005,-2.1423e-005,-1.1604e-005,-1.784e-006,4.7758e-006,1.1336e-005,2.1176e-005,3.1017e-005,4.3879e-005,5.6741e-005,7.6037e-005,9.5322e-005,1.0546e-004,1.1535e-004,1.2914e-004,1.4028e-004,1.4442e-004,1.4724e-004,1.4892e-004,1.5053e-004,1.6251e-004,1.8111e-004,1.933e-004,1.9782e-004,2.0262e-004,2.1017e-004,2.2176e-004,2.2791e-004,2.3401e-004,2.4308e-004,2.4783e-004,2.525e-004,2.5538e-004,2.5517e-004,2.5325e-004,2.5297e-004,2.5152e-004
23,359.38,-1.4297e-005,-2.8605e-005,-5.009e-005,-7.1601e-005,-6.3956e-005,-5.631e-005,-4.4842e-005,-3.3373e-005,-2.6625e-005,-1.9878e-005,-9.7557e-006,3.6649e-007,7.1282e-006,1.389e-005,2.4033e-005,3.4177e-005,4.7434e-005,6.0692e-005,8.0581e-005,1.0043e-004,1.108e-004,1.2079e-004,1.3422e-004,1.4354e-004,1.4613e-004,1.4736e-004,1.4839e-004,1.5009e-004,1.6167e-004,1.8038e-004,1.9262e-004,1.9718e-004,2.0196e-004,2.0961e-004,2.2141e-004,2.2767e-004,2.339e-004,2.4313e-004,2.4797e-004,2.5277e-004,2.5438e-004,2.5317e-004,2.4934e-004,2.4858e-004,2.4599e-004
24,375.,-1.4297e-005,-2.8607e-005,-5.0094e-005,-7.1609e-005,-6.3526e-005,-5.5443e-005,-4.3319e-005,-3.1194e-005,-2.406e-005,-1.6926e-005,-6.2256e-006,4.4758e-006,1.1624e-005,1.8773e-005,2.9497e-005,4.0221e-005,5.4237e-005,6.8253e-005,8.9281e-005,1.1016e-004,1.2083e-004,1.307e-004,1.4227e-004,1.4777e-004,1.4874e-004,1.5025e-004,1.5281e-004,1.5496e-004,1.7034e-004,1.9327e-004,2.0766e-004,2.1314e-004,2.1894e-004,2.2789e-004,2.4116e-004,2.4803e-004,2.5478e-004,2.6461e-004,2.6995e-004,2.7507e-004,2.774e-004,2.7638e-004,2.7306e-004,2.7257e-004,2.7037e-004
25,390.63,-1.4298e-005,-2.8609e-005,-5.0099e-005,-7.1616e-005,-6.309e-005,-5.4563e-005,-4.1772e-005,-2.898e-005,-2.1454e-005,-1.3928e-005,-2.6392e-006,8.6505e-006,1.6192e-005,2.3734e-005,3.5047e-005,4.6361e-005,6.1148e-005,7.5935e-005,9.8118e-005,1.1989e-004,1.3052e-004,1.3945e-004,1.4779e-004,1.5119e-004,1.5341e-004,1.5507e-004,1.5743e-004,1.6034e-004,1.7992e-004,2.0689e-004,2.2368e-004,2.3029e-004,2.3716e-004,2.4748e-004,2.6246e-004,2.7008e-004,2.7745e-004,2.8843e-004,2.9416e-004,2.9995e-004,3.082e-004,3.1156e-004,3.1735e-004,3.1969e-004,3.2361e-004
26,406.25,-1.4298e-005,-2.8609e-005,-5.0098e-005,-7.1617e-005,-6.2853e-005,-5.4089e-005,-4.0943e-005,-2.7796e-005,-2.0061e-005,-1.2326e-005,-7.2362e-007,1.0879e-005,1.863e-005,2.6381e-005,3.8008e-005,4.9636e-005,6.4832e-005,8.0029e-005,1.0283e-004,1.2497e-004,1.3529e-004,1.4298e-004,1.4807e-004,1.5137e-004,1.5295e-004,1.5431e-004,1.5679e-004,1.5962e-004,1.7937e-004,2.0653e-004,2.2352e-004,2.3017e-004,2.3712e-004,2.4759e-004,2.6284e-004,2.7059e-004,2.7806e-004,2.8944e-004,2.9533e-004,3.0118e-004,3.0898e-004,3.1261e-004,3.2058e-004,3.2397e-004,3.3003e-004
27,421.88,-1.4299e-005,-2.8611e-005,-5.0104e-005,-7.1625e-005,-6.2413e-005,-5.32e-005,-3.938e-005,-2.5559e-005,-1.7429e-005,-9.2975e-006,2.8996e-006,1.5097e-005,2.3245e-005,3.1393e-005,4.3616e-005,5.584e-005,7.1815e-005,8.7791e-005,1.1175e-004,1.3416e-004,1.4286e-004,1.4814e-004,1.5206e-004,1.5555e-004,1.5718e-004,1.5915e-004,1.6244e-004,1.6633e-004,1.897e-004,2.2092e-004,2.4093e-004,2.4891e-004,2.5715e-004,2.6948e-004,2.8742e-004,2.9648e-004,3.0537e-004,3.1861e-004,3.2542e-004,3.3327e-004,3.5816e-004,3.7309e-004,3.9799e-004,4.0501e-004,4.1784e-004
28,437.5,-1.4299e-005,-2.8611e-005,-5.0104e-005,-7.1627e-005,-6.218e-005,-5.2734e-005,-3.8564e-005,-2.4393e-005,-1.6056e-005,-7.7193e-006,4.7866e-006,1.7293e-005,2.5647e-005,3.4002e-005,4.6534e-005,5.9066e-005,7.5445e-005,9.1825e-005,1.1638e-004,1.3848e-004,1.4508e-004,1.4856e-004,1.5225e-004,1.5497e-004,1.5674e-004,1.5868e-004,1.6202e-004,1.6597e-004,1.8933e-004,2.2098e-004,2.4136e-004,2.4947e-004,2.5784e-004,2.7045e-004,2.889e-004,2.9818e-004,3.0733e-004,3.2106e-004,3.2816e-004,3.3649e-004,3.6562e-004,3.8385e-004,4.1374e-004,4.2194e-004,4.368e-004
29,453.13,-1.4302e-005,-2.8618e-005,-5.0116e-005,-7.1645e-005,-6.1775e-005,-5.1905e-005,-3.71e-005,-2.2294e-005,-1.3583e-005,-4.8726e-006,8.1941e-006,2.1261e-005,2.999e-005,3.8719e-005,5.1814e-005,6.4908e-005,8.2022e-005,9.9137e-005,1.2477e-004,1.4473e-004,1.4958e-004,1.5234e-004,1.56e-004,1.5978e-004,1.6211e-004,1.6461e-004,1.6877e-004,1.7313e-004,1.9972e-004,2.3589e-004,2.6025e-004,2.7009e-004,2.8033e-004,2.9584e-004,3.1889e-004,3.3068e-004,3.4244e-004,3.596e-004,3.6844e-004,3.8044e-004,4.3033e-004,4.5675e-004,4.9452e-004,5.0345e-004,5.2021e-004
30,468.75,-1.4305e-005,-2.8623e-005,-5.0125e-005,-7.1658e-005,-6.1582e-005,-5.1506e-005,-3.6392e-005,-2.1277e-005,-1.2384e-005,-3.4915e-006,9.8479e-006,2.3188e-005,3.2099e-005,4.101e-005,5.4377e-005,6.7745e-005,8.5215e-005,1.0269e-004,1.2883e-004,1.4658e-004,1.497e-004,1.5273e-004,1.5564e-004,1.5964e-004,1.6188e-004,1.6438e-004,1.6844e-004,1.7271e-004,1.9944e-004,2.3615e-004,2.6122e-004,2.7137e-004,2.8193e-004,2.9808e-004,3.2235e-004,3.3483e-004,3.4739e-004,3.6577e-004,3.7525e-004,3.8851e-004,4.4483e-004,4.7401e-004,5.1495e-004,5.2453e-004,5.4259e-004
31,484.38,-1.4319e-005,-2.8652e-005,-5.0178e-005,-7.1734e-005,-6.1315e-005,-5.0895e-005,-3.5264e-005,-1.9633e-005,-1.0437e-005,-1.2411e-006,1.2554e-005,2.6349e-005,3.5564e-005,4.478e-005,5.8604e-005,7.2428e-005,9.0495e-005,1.0856e-004,1.355e-004,1.5001e-004,1.5311e-004,1.5567e-004,1.5926e-004,1.6371e-004,1.6631e-004,1.6913e-004,1.7346e-004,1.7843e-004,2.0901e-004,2.5122e-004,2.8257e-004,2.9438e-004,3.0733e-004,3.2763e-004,3.5817e-004,3.7454e-004,3.9057e-004,4.137e-004,4.2551e-004,4.4169e-004,5.0755e-004,5.4024e-004,5.8608e-004,5.9626e-004,6.1618e-004
32,500.,-1.4358e-005,-2.873e-005,-5.0314e-005,-7.193e-005,-6.1238e-005,-5.0545e-005,-3.4506e-005,-1.8465e-005,-9.0286e-006,4.0854e-007,1.4565e-005,2.8721e-005,3.8178e-005,4.7635e-005,6.1821e-005,7.6008e-005,9.4549e-005,1.1309e-004,1.4046e-004,1.5153e-004,1.5497e-004,1.5693e-004,1.6112e-004,1.6576e-004,1.688e-004,1.7179e-004,1.7687e-004,1.826e-004,2.1757e-004,2.6871e-004,3.0457e-004,3.2047e-004,3.3572e-004,3.586e-004,3.9569e-004,4.1531e-004,4.346e-004,4.6228e-004,4.7634e-004,4.9396e-004,5.6364e-004,5.9938e-004,6.5077e-004,6.6168e-004,6.8364e-004
33,515.63,-1.4396e-005,-2.8806e-005,-5.0447e-005,-7.2121e-005,-6.1311e-005,-5.0501e-005,-3.4285e-005,-1.8069e-005,-8.529e-006,1.0115e-006,1.5323e-005,2.9634e-005,3.9195e-005,4.8755e-005,6.3096e-005,7.7438e-005,9.6181e-005,1.1493e-004,1.423e-004,1.5144e-004,1.5435e-004,1.561e-004,1.6005e-004,1.6459e-004,1.6752e-004,1.7041e-004,1.7547e-004,1.811e-004,2.1623e-004,2.6989e-004,3.0508e-004,3.2138e-004,3.4009e-004,3.6726e-004,4.0659e-004,4.272e-004,4.4732e-004,4.7645e-004,4.9143e-004,5.1011e-004,5.8352e-004,6.2075e-004,6.7174e-004,6.8166e-004,7.0206e-004
34,531.25,-1.4525e-005,-2.9065e-005,-5.0902e-005,-7.2771e-005,-6.1765e-005,-5.0759e-005,-3.425e-005,-1.774e-005,-8.0265e-006,1.6871e-006,1.6258e-005,3.0829e-005,4.0563e-005,5.0297e-005,6.4898e-005,7.95e-005,9.8584e-005,1.1767e-004,1.4466e-004,1.5208e-004,1.5382e-004,1.5634e-004,1.6126e-004,1.6753e-004,1.711e-004,1.7512e-004,1.8187e-004,1.8889e-004,2.3131e-004,2.9234e-004,3.3678e-004,3.5448e-004,3.7422e-004,4.0307e-004,4.4472e-004,4.6592e-004,4.8621e-004,5.1796e-004,5.3535e-004,5.5632e-004,6.2214e-004,6.5547e-004,7.0433e-004,7.139e-004,7.3461e-004
35,546.88,-1.4627e-005,-2.9269e-005,-5.1259e-005,-7.3283e-005,-6.218e-005,-5.1077e-005,-3.4422e-005,-1.7766e-005,-7.9674e-006,1.8316e-006,1.6531e-005,3.123e-005,4.1049e-005,5.0869e-005,6.5599e-005,8.0329e-005,9.958e-005,1.1883e-004,1.4517e-004,1.5152e-004,1.5285e-004,1.5562e-004,1.6069e-004,1.6732e-004,1.7108e-004,1.7545e-004,1.8262e-004,1.9008e-004,2.3555e-004,2.9947e-004,3.4436e-004,3.6398e-004,3.8542e-004,4.1845e-004,4.6755e-004,4.9234e-004,5.1647e-004,5.5035e-004,5.6714e-004,5.8771e-004,6.5425e-004,6.8726e-004,7.3492e-004,7.4495e-004,7.6535e-004
36,562.5,-1.4815e-005,-2.9645e-005,-5.1919e-005,-7.4226e-005,-6.2982e-005,-5.1737e-005,-3.4869e-005,-1.8001e-005,-8.0771e-006,1.8471e-006,1.6734e-005,3.1621e-005,4.1566e-005,5.1511e-005,6.6429e-005,8.1347e-005,1.0084e-004,1.2034e-004,1.4663e-004,1.5411e-004,1.5823e-004,1.6393e-004,1.7387e-004,1.8605e-004,1.9289e-004,2.0052e-004,2.1233e-004,2.2438e-004,2.8629e-004,3.5834e-004,4.0723e-004,4.2755e-004,4.4798e-004,4.7787e-004,5.2207e-004,5.4719e-004,5.7314e-004,6.1178e-004,6.3183e-004,6.557e-004,7.2505e-004,7.5287e-004,7.8959e-004,7.9197e-004,8.0631e-004
37,578.13,-1.4833e-005,-2.968e-005,-5.1981e-005,-7.4315e-005,-6.3066e-005,-5.1817e-005,-3.4944e-005,-1.8069e-005,-8.142e-006,1.7856e-006,1.6677e-005,3.157e-005,4.1518e-005,5.1466e-005,6.6389e-005,8.1312e-005,1.0081e-004,1.2032e-004,1.4715e-004,1.5615e-004,1.6174e-004,1.6884e-004,1.8136e-004,1.9637e-004,2.0477e-004,2.1393e-004,2.2816e-004,2.4264e-004,3.1138e-004,3.8256e-004,4.2864e-004,4.469e-004,4.6545e-004,4.9294e-004,5.3339e-004,5.5689e-004,5.8189e-004,6.1907e-004,6.3849e-004,6.6111e-004,7.2558e-004,7.5148e-004,7.8046e-004,7.7776e-004,7.8813e-004
38,593.75,-1.4702e-005,-2.942e-005,-5.1525e-005,-7.3664e-005,-6.2559e-005,-5.1454e-005,-3.4795e-005,-1.8137e-005,-8.3365e-006,1.464e-006,1.6165e-005,3.0866e-005,4.0686e-005,5.0506e-005,6.5237e-005,7.9968e-005,9.922e-005,1.1847e-004,1.4681e-004,1.6244e-004,1.6938e-004,1.7591e-004,1.8567e-004,1.951e-004,1.9983e-004,2.044e-004,2.1135e-004,2.1808e-004,2.4832e-004,3.0437e-004,3.5414e-004,3.7524e-004,3.9762e-004,4.3215e-004,4.8385e-004,5.1087e-004,5.3708e-004,5.7447e-004,5.9322e-004,6.1518e-004,6.8101e-004,7.1007e-004,7.4195e-004,7.475e-004,7.6042e-004
39,609.38,-1.0161e-005,-2.0333e-005,-3.5611e-005,-5.0913e-005,-4.3311e-005,-3.5708e-005,-2.4303e-005,-1.2899e-005,-6.1901e-006,5.1909e-007,1.0583e-005,2.0646e-005,2.7369e-005,3.4091e-005,4.4175e-005,5.4259e-005,6.7437e-005,8.0615e-005,9.9907e-005,1.0965e-004,1.1234e-004,1.1387e-004,1.1459e-004,1.1373e-004,1.1284e-004,1.1145e-004,1.0892e-004,1.059e-004,9.6387e-005,1.0582e-004,1.1479e-004,1.1775e-004,1.2041e-004,1.2318e-004,1.2546e-004,1.2494e-004,1.2329e-004,1.205e-004,1.1912e-004,1.1644e-004,1.0766e-004,1.0606e-004,1.076e-004,1.0658e-004,1.0878e-004
40,625.,-1.0517e-005,-2.1044e-005,-3.6855e-005,-5.2691e-005,-4.4876e-005,-3.7061e-005,-2.5338e-005,-1.3614e-005,-6.7166e-006,1.8086e-007,1.0527e-005,2.0874e-005,2.7786e-005,3.4697e-005,4.5065e-005,5.5434e-005,6.8984e-005,8.2535e-005,1.0248e-004,1.1727e-004,1.2321e-004,1.28e-004,1.3354e-004,1.3751e-004,1.3918e-004,1.4039e-004,1.417e-004,1.4259e-004,1.4304e-004,1.4983e-004,1.5631e-004,1.5843e-004,1.6055e-004,1.6306e-004,1.6511e-004,1.6492e-004,1.6403e-004,1.6269e-004,1.622e-004,1.6018e-004,1.4491e-004,1.3868e-004,1.3387e-004,1.3148e-004,1.3071e-004
41,640.63,-1.0414e-005,-2.0839e-005,-3.6496e-005,-5.2178e-005,-4.4441e-005,-3.6703e-005,-2.5097e-005,-1.349e-005,-6.6618e-006,1.6688e-007,1.041e-005,2.0654e-005,2.7497e-005,3.434e-005,4.4605e-005,5.487e-005,6.8286e-005,8.1703e-005,1.0162e-004,1.1926e-004,1.2767e-004,1.3544e-004,1.4611e-004,1.5577e-004,1.6054e-004,1.6503e-004,1.714e-004,1.7746e-004,2.021e-004,2.2513e-004,2.3743e-004,2.4157e-004,2.4584e-004,2.5219e-004,2.6123e-004,2.6547e-004,2.6948e-004,2.7577e-004,2.7932e-004,2.8201e-004,2.7582e-004,2.7266e-004,2.6999e-004,2.6863e-004,2.6808e-004
42,656.25,-1.0337e-005,-2.0685e-005,-3.6227e-005,-5.1794e-005,-4.4108e-005,-3.6421e-005,-2.4891e-005,-1.3361e-005,-6.577e-006,2.0681e-007,1.0383e-005,2.0559e-005,2.7357e-005,3.4155e-005,4.4353e-005,5.4551e-005,6.7879e-005,8.1207e-005,1.0106e-004,1.1943e-004,1.2853e-004,1.372e-004,1.4948e-004,1.6103e-004,1.6684e-004,1.7245e-004,1.8057e-004,1.8846e-004,2.228e-004,2.5498e-004,2.718e-004,2.7759e-004,2.8353e-004,2.9255e-004,3.0598e-004,3.1276e-004,3.1945e-004,3.2974e-004,3.3536e-004,3.4043e-004,3.3961e-004,3.3855e-004,3.3793e-004,3.3741e-004,3.3754e-004
43,671.88,-1.0222e-005,-2.0456e-005,-3.5826e-005,-5.122e-005,-4.3605e-005,-3.599e-005,-2.4568e-005,-1.3144e-005,-6.424e-006,2.9666e-007,1.0378e-005,2.046e-005,2.7194e-005,3.3929e-005,4.4032e-005,5.4135e-005,6.7339e-005,8.0544e-005,1.0028e-004,1.194e-004,1.2926e-004,1.3892e-004,1.5305e-004,1.6681e-004,1.7387e-004,1.8082e-004,1.911e-004,2.0124e-004,2.4817e-004,2.9353e-004,3.1727e-004,3.2558e-004,3.3403e-004,3.4688e-004,3.6635e-004,3.7652e-004,3.8669e-004,4.0215e-004,4.1039e-004,4.1845e-004,4.2442e-004,4.2602e-004,4.2805e-004,4.2867e-004,4.2974e-004
44,687.5,-1.0183e-005,-2.0376e-005,-3.5686e-005,-5.1021e-005,-4.3429e-005,-3.5838e-005,-2.445e-005,-1.3062e-005,-6.3622e-006,3.379e-007,1.0388e-005,2.0439e-005,2.7153e-005,3.3868e-005,4.3939e-005,5.4011e-005,6.7175e-005,8.0339e-005,1.0004e-004,1.1936e-004,1.2944e-004,1.3939e-004,1.5407e-004,1.685e-004,1.7596e-004,1.8333e-004,1.9428e-004,2.0515e-004,2.5624e-004,3.0622e-004,3.3245e-004,3.4166e-004,3.5099e-004,3.6514e-004,3.8659e-004,3.9784e-004,4.0911e-004,4.2616e-004,4.352e-004,4.4417e-004,4.5216e-004,4.5454e-004,4.5734e-004,4.583e-004,4.5964e-004
45,703.13,-1.0137e-005,-2.0284e-005,-3.5526e-005,-5.0791e-005,-4.3225e-005,-3.5659e-005,-2.4309e-005,-1.2959e-005,-6.2813e-006,3.9653e-007,1.0414e-005,2.0431e-005,2.7123e-005,3.3815e-005,4.3853e-005,5.3892e-005,6.7012e-005,8.0132e-005,9.9796e-005,1.1933e-004,1.2964e-004,1.399e-004,1.5519e-004,1.7037e-004,1.7826e-004,1.8611e-004,1.9784e-004,2.0953e-004,2.6546e-004,3.2096e-004,3.5019e-004,3.6048e-004,3.7084e-004,3.8649e-004,4.1014e-004,4.2257e-004,4.3503e-004,4.5379e-004,4.6368e-004,4.7359e-004,4.8366e-004,4.8682e-004,4.9036e-004,4.9166e-004,4.9324e-004
46,718.75,-1.0124e-005,-2.0258e-005,-3.5479e-005,-5.0725e-005,-4.3166e-005,-3.5606e-005,-2.4267e-005,-1.2926e-005,-6.2548e-006,4.1703e-007,1.0425e-005,2.0434e-005,2.7119e-005,3.3805e-005,4.3835e-005,5.3864e-005,6.6973e-005,8.0082e-005,9.9736e-005,1.1933e-004,1.297e-004,1.4004e-004,1.555e-004,1.709e-004,1.7891e-004,1.869e-004,1.9885e-004,2.1078e-004,2.6813e-004,3.2529e-004,3.5543e-004,3.6603e-004,3.7669e-004,3.9278e-004,4.1704e-004,4.2979e-004,4.4257e-004,4.6179e-004,4.719e-004,4.8205e-004,4.9265e-004,4.96e-004,4.997e-004,5.0109e-004,5.0272e-004
47,734.38,-1.0111e-005,-2.0232e-005,-3.5434e-005,-5.0661e-005,-4.3107e-005,-3.5554e-005,-2.4224e-005,-1.2893e-005,-6.2268e-006,4.3962e-007,1.044e-005,2.044e-005,2.712e-005,3.3801e-005,4.3822e-005,5.3844e-005,6.6941e-005,8.0039e-005,9.9686e-005,1.1933e-004,1.2976e-004,1.4019e-004,1.5581e-004,1.7142e-004,1.7954e-004,1.8766e-004,1.9983e-004,2.12e-004,2.7076e-004,3.2959e-004,3.6064e-004,3.7155e-004,3.8251e-004,3.9901e-004,4.2385e-004,4.3691e-004,4.4998e-004,4.6963e-004,4.7994e-004,4.9031e-004,5.0137e-004,5.0489e-004,5.0872e-004,5.1017e-004,5.1184e-004
48,750.,-1.0108e-005,-2.0227e-005,-3.5426e-005,-5.0649e-005,-4.3097e-005,-3.5545e-005,-2.4216e-005,-1.2887e-005,-6.2214e-006,4.4405e-007,1.0443e-005,2.0442e-005,2.7121e-005,3.3801e-005,4.382e-005,5.3841e-005,6.6936e-005,8.0033e-005,9.9678e-005,1.1934e-004,1.2978e-004,1.4022e-004,1.5587e-004,1.7151e-004,1.7966e-004,1.878e-004,2.0001e-004,2.1222e-004,2.7124e-004,3.3037e-004,3.6158e-004,3.7255e-004,3.8356e-004,4.0013e-004,4.2508e-004,4.3819e-004,4.5131e-004,4.7103e-004,4.8138e-004,4.9179e-004,5.0292e-004,5.0646e-004,5.1032e-004,5.1178e-004,5.1346e-004
